channel,band,feature_type,window_shift,subject_id,mean_correlation
AF7,alpha,approx_entropy,win-1,10,0.01702862683561468
AF7,alpha,approx_entropy,win-2,10,0.02292204343428943
AF7,alpha,approx_entropy,win-3,10,0.032379176210173735
AF7,alpha,approx_entropy,win-4,10,0.04189651560375721
AF7,alpha,approx_entropy,win-5,10,0.04159195548137064
AF7,alpha,approx_entropy,win-6,10,0.05268979924846948
AF7,alpha,approx_entropy,win-7,10,0.060856109922166016
AF7,alpha,approx_entropy,win-8,10,0.06463128627956323
AF7,alpha,approx_entropy,win-9,10,0.06712000824099917
AF7,alpha,approx_entropy,win0,10,-0.01193700743538649
AF7,alpha,energy,win-1,10,-0.12840615038883324
AF7,alpha,energy,win-2,10,-0.1301954500050135
AF7,alpha,energy,win-3,10,-0.13096393818384117
AF7,alpha,energy,win-4,10,-0.13328482701329064
AF7,alpha,energy,win-5,10,-0.13009344179892163
AF7,alpha,energy,win-6,10,-0.1316790477566282
AF7,alpha,energy,win-7,10,-0.1338792907890232
AF7,alpha,energy,win-8,10,-0.1343617846315364
AF7,alpha,energy,win-9,10,-0.13637477246577706
AF7,alpha,energy,win0,10,-0.1247016785335802
AF7,alpha,skewness,win-1,10,0.03940584521795056
AF7,alpha,skewness,win-2,10,0.00818206634000054
AF7,alpha,skewness,win-3,10,0.025694595389855353
AF7,alpha,skewness,win-4,10,0.026032051239544763
AF7,alpha,skewness,win-5,10,0.020148818852001336
AF7,alpha,skewness,win-6,10,0.03824732570245699
AF7,alpha,skewness,win-7,10,0.03188322617623039
AF7,alpha,skewness,win-8,10,0.04159596804551507
AF7,alpha,skewness,win-9,10,0.042443644422238115
AF7,alpha,skewness,win0,10,0.0413159196592988
AF7,alpha,standard_deviation,win-1,10,-0.1277838054299223
AF7,alpha,standard_deviation,win-2,10,-0.12953086013801066
AF7,alpha,standard_deviation,win-3,10,-0.1304360499359478
AF7,alpha,standard_deviation,win-4,10,-0.13249714687741046
AF7,alpha,standard_deviation,win-5,10,-0.13097337930749817
AF7,alpha,standard_deviation,win-6,10,-0.13188462312791777
AF7,alpha,standard_deviation,win-7,10,-0.13372614736513028
AF7,alpha,standard_deviation,win-8,10,-0.1347058940275974
AF7,alpha,standard_deviation,win-9,10,-0.13588351226476758
AF7,alpha,standard_deviation,win0,10,-0.12544332098422303
AF7,alpha,total_variation,win-1,10,-0.1281689842596616
AF7,alpha,total_variation,win-2,10,-0.13009895590894266
AF7,alpha,total_variation,win-3,10,-0.13130280725652313
AF7,alpha,total_variation,win-4,10,-0.13319003535536159
AF7,alpha,total_variation,win-5,10,-0.13211630179567843
AF7,alpha,total_variation,win-6,10,-0.13274848389605398
AF7,alpha,total_variation,win-7,10,-0.13420809273483522
AF7,alpha,total_variation,win-8,10,-0.13660841485454364
AF7,alpha,total_variation,win-9,10,-0.13863648014794
AF7,alpha,total_variation,win0,10,-0.12540426597493218
AF7,beta,approx_entropy,win-1,10,0.06123077694741464
AF7,beta,approx_entropy,win-2,10,0.05066480331447147
AF7,beta,approx_entropy,win-3,10,0.07222307631879882
AF7,beta,approx_entropy,win-4,10,0.07565158818507037
AF7,beta,approx_entropy,win-5,10,0.07537590904896381
AF7,beta,approx_entropy,win-6,10,0.07950548559952711
AF7,beta,approx_entropy,win-7,10,0.0771400838734362
AF7,beta,approx_entropy,win-8,10,0.07779686174605988
AF7,beta,approx_entropy,win-9,10,0.08459568714388566
AF7,beta,approx_entropy,win0,10,0.04907799857046087
AF7,beta,energy,win-1,10,-0.107045097283286
AF7,beta,energy,win-2,10,-0.09595383001348376
AF7,beta,energy,win-3,10,-0.09573258723471419
AF7,beta,energy,win-4,10,-0.09024588779078585
AF7,beta,energy,win-5,10,-0.10046321543054933
AF7,beta,energy,win-6,10,-0.09450837484933791
AF7,beta,energy,win-7,10,-0.09720183276502532
AF7,beta,energy,win-8,10,-0.1027219891473269
AF7,beta,energy,win-9,10,-0.09490400249103866
AF7,beta,energy,win0,10,-0.10740566292343683
AF7,beta,skewness,win-1,10,0.01592562452854174
AF7,beta,skewness,win-2,10,-0.0019406709496117068
AF7,beta,skewness,win-3,10,-0.001111042412584945
AF7,beta,skewness,win-4,10,-0.006815681616210355
AF7,beta,skewness,win-5,10,-0.0025249049596856366
AF7,beta,skewness,win-6,10,0.0008953420361458438
AF7,beta,skewness,win-7,10,-0.014833439215655487
AF7,beta,skewness,win-8,10,-0.018754571122768446
AF7,beta,skewness,win-9,10,-0.029667955137556986
AF7,beta,skewness,win0,10,0.024054894664388798
AF7,beta,standard_deviation,win-1,10,-0.11965262261609746
AF7,beta,standard_deviation,win-2,10,-0.11175940952332541
AF7,beta,standard_deviation,win-3,10,-0.11061971427630278
AF7,beta,standard_deviation,win-4,10,-0.10801145580758167
AF7,beta,standard_deviation,win-5,10,-0.11318329578878242
AF7,beta,standard_deviation,win-6,10,-0.1090380601287584
AF7,beta,standard_deviation,win-7,10,-0.11095653467009038
AF7,beta,standard_deviation,win-8,10,-0.11426446782595934
AF7,beta,standard_deviation,win-9,10,-0.10892328893816444
AF7,beta,standard_deviation,win0,10,-0.11949374264043774
AF7,beta,total_variation,win-1,10,-0.1213120753110703
AF7,beta,total_variation,win-2,10,-0.11350918520263797
AF7,beta,total_variation,win-3,10,-0.11166798008564337
AF7,beta,total_variation,win-4,10,-0.11080164794333883
AF7,beta,total_variation,win-5,10,-0.1156301038698896
AF7,beta,total_variation,win-6,10,-0.11182890893512032
AF7,beta,total_variation,win-7,10,-0.11284248939821089
AF7,beta,total_variation,win-8,10,-0.11482658320756924
AF7,beta,total_variation,win-9,10,-0.10861533879398523
AF7,beta,total_variation,win0,10,-0.1214826853079893
AF7,delta,approx_entropy,win-1,10,0.029016998315248354
AF7,delta,approx_entropy,win-2,10,0.04446774138849425
AF7,delta,approx_entropy,win-3,10,0.05411537381378595
AF7,delta,approx_entropy,win-4,10,0.07096728160036189
AF7,delta,approx_entropy,win-5,10,0.08535166059853387
AF7,delta,approx_entropy,win-6,10,0.08361513931616142
AF7,delta,approx_entropy,win-7,10,0.09914504153768192
AF7,delta,approx_entropy,win-8,10,0.1108154452390936
AF7,delta,approx_entropy,win-9,10,0.12052054241425815
AF7,delta,approx_entropy,win0,10,0.02442968849622337
AF7,delta,energy,win-1,10,-0.16726017739346255
AF7,delta,energy,win-2,10,-0.1660686554339115
AF7,delta,energy,win-3,10,-0.17036760341741838
AF7,delta,energy,win-4,10,-0.1736526200667743
AF7,delta,energy,win-5,10,-0.17818408280933823
AF7,delta,energy,win-6,10,-0.18088219992517232
AF7,delta,energy,win-7,10,-0.18315816661998316
AF7,delta,energy,win-8,10,-0.18530580871883165
AF7,delta,energy,win-9,10,-0.18630707088402004
AF7,delta,energy,win0,10,-0.16550519278389533
AF7,delta,skewness,win-1,10,0.04956740548399544
AF7,delta,skewness,win-2,10,0.06588630366710359
AF7,delta,skewness,win-3,10,0.06265071346912396
AF7,delta,skewness,win-4,10,0.074727840244209
AF7,delta,skewness,win-5,10,0.05283270889243313
AF7,delta,skewness,win-6,10,0.06502883684871094
AF7,delta,skewness,win-7,10,0.04512261822908487
AF7,delta,skewness,win-8,10,0.0626010339171533
AF7,delta,skewness,win-9,10,0.056963753050344804
AF7,delta,skewness,win0,10,0.06488442415311046
AF7,delta,standard_deviation,win-1,10,-0.1488861292893937
AF7,delta,standard_deviation,win-2,10,-0.14846986229011294
AF7,delta,standard_deviation,win-3,10,-0.15098150524288823
AF7,delta,standard_deviation,win-4,10,-0.15333354718340866
AF7,delta,standard_deviation,win-5,10,-0.15617949792137156
AF7,delta,standard_deviation,win-6,10,-0.15823600256587245
AF7,delta,standard_deviation,win-7,10,-0.16004835903141576
AF7,delta,standard_deviation,win-8,10,-0.16185307090589435
AF7,delta,standard_deviation,win-9,10,-0.1633082437885576
AF7,delta,standard_deviation,win0,10,-0.14735450386979784
AF7,delta,total_variation,win-1,10,-0.14601568588438818
AF7,delta,total_variation,win-2,10,-0.14539534812997637
AF7,delta,total_variation,win-3,10,-0.14753535294555095
AF7,delta,total_variation,win-4,10,-0.150031553146646
AF7,delta,total_variation,win-5,10,-0.15233844689267714
AF7,delta,total_variation,win-6,10,-0.1544083030374007
AF7,delta,total_variation,win-7,10,-0.15648697930457886
AF7,delta,total_variation,win-8,10,-0.15831108780416708
AF7,delta,total_variation,win-9,10,-0.15982933765503873
AF7,delta,total_variation,win0,10,-0.14475102454518401
AF7,gamma,approx_entropy,win-1,10,0.06873049489694287
AF7,gamma,approx_entropy,win-2,10,0.07950630995727208
AF7,gamma,approx_entropy,win-3,10,0.08920572047107275
AF7,gamma,approx_entropy,win-4,10,0.10071503293424137
AF7,gamma,approx_entropy,win-5,10,0.09013609826885813
AF7,gamma,approx_entropy,win-6,10,0.0873894817045324
AF7,gamma,approx_entropy,win-7,10,0.11530279859921744
AF7,gamma,approx_entropy,win-8,10,0.11897528436476257
AF7,gamma,approx_entropy,win-9,10,0.12977604577055352
AF7,gamma,approx_entropy,win0,10,0.05775913506917815
AF7,gamma,energy,win-1,10,-0.04573009516154783
AF7,gamma,energy,win-2,10,-0.055866945355188234
AF7,gamma,energy,win-3,10,-0.06030496430320781
AF7,gamma,energy,win-4,10,-0.05675876157456538
AF7,gamma,energy,win-5,10,-0.048764534375947514
AF7,gamma,energy,win-6,10,-0.025244562488102095
AF7,gamma,energy,win-7,10,-0.022317343914439
AF7,gamma,energy,win-8,10,-0.03510101720516832
AF7,gamma,energy,win-9,10,-0.047602464643416234
AF7,gamma,energy,win0,10,-0.04194105027880747
AF7,gamma,skewness,win-1,10,-0.01562851470639251
AF7,gamma,skewness,win-2,10,-0.014222732582686411
AF7,gamma,skewness,win-3,10,-0.023808585490511253
AF7,gamma,skewness,win-4,10,-0.02301307940768739
AF7,gamma,skewness,win-5,10,-0.011610537696766855
AF7,gamma,skewness,win-6,10,-0.010316323779535718
AF7,gamma,skewness,win-7,10,-0.010198916323649707
AF7,gamma,skewness,win-8,10,-0.01043774966687224
AF7,gamma,skewness,win-9,10,-0.00654811045577908
AF7,gamma,skewness,win0,10,-0.003858763495813077
AF7,gamma,standard_deviation,win-1,10,-0.09812989751343221
AF7,gamma,standard_deviation,win-2,10,-0.10687634009727241
AF7,gamma,standard_deviation,win-3,10,-0.10996856436731933
AF7,gamma,standard_deviation,win-4,10,-0.1049599368229324
AF7,gamma,standard_deviation,win-5,10,-0.09609437057488106
AF7,gamma,standard_deviation,win-6,10,-0.07847433722513548
AF7,gamma,standard_deviation,win-7,10,-0.07392823844129415
AF7,gamma,standard_deviation,win-8,10,-0.08449977837621717
AF7,gamma,standard_deviation,win-9,10,-0.09280942277775397
AF7,gamma,standard_deviation,win0,10,-0.0939658813467094
AF7,gamma,total_variation,win-1,10,-0.08581459523845647
AF7,gamma,total_variation,win-2,10,-0.09442546942759084
AF7,gamma,total_variation,win-3,10,-0.09781628359894229
AF7,gamma,total_variation,win-4,10,-0.09167295466534633
AF7,gamma,total_variation,win-5,10,-0.08472769756835426
AF7,gamma,total_variation,win-6,10,-0.07026951655820841
AF7,gamma,total_variation,win-7,10,-0.0604790418896808
AF7,gamma,total_variation,win-8,10,-0.07030571466839802
AF7,gamma,total_variation,win-9,10,-0.07941564373582723
AF7,gamma,total_variation,win0,10,-0.0820472302450696
AF7,theta,approx_entropy,win-1,10,0.032714251186437344
AF7,theta,approx_entropy,win-2,10,0.04996713016893625
AF7,theta,approx_entropy,win-3,10,0.06290347868428486
AF7,theta,approx_entropy,win-4,10,0.08017017982786032
AF7,theta,approx_entropy,win-5,10,0.08732614783771224
AF7,theta,approx_entropy,win-6,10,0.09953384894019753
AF7,theta,approx_entropy,win-7,10,0.10165432384616437
AF7,theta,approx_entropy,win-8,10,0.11462834120276366
AF7,theta,approx_entropy,win-9,10,0.12205003457058865
AF7,theta,approx_entropy,win0,10,0.020797795460764622
AF7,theta,energy,win-1,10,-0.1399986436006226
AF7,theta,energy,win-2,10,-0.14486635109699522
AF7,theta,energy,win-3,10,-0.15061367738816586
AF7,theta,energy,win-4,10,-0.1517341613502364
AF7,theta,energy,win-5,10,-0.15796896373413677
AF7,theta,energy,win-6,10,-0.16477065783123718
AF7,theta,energy,win-7,10,-0.16787432578735378
AF7,theta,energy,win-8,10,-0.16564140353126783
AF7,theta,energy,win-9,10,-0.1752958469825816
AF7,theta,energy,win0,10,-0.14012560314744707
AF7,theta,skewness,win-1,10,0.016715075173839966
AF7,theta,skewness,win-2,10,0.028229879017870593
AF7,theta,skewness,win-3,10,0.02130040707124542
AF7,theta,skewness,win-4,10,0.0030586236572029317
AF7,theta,skewness,win-5,10,0.012644274397373841
AF7,theta,skewness,win-6,10,0.03717391003995945
AF7,theta,skewness,win-7,10,0.038933152718027345
AF7,theta,skewness,win-8,10,0.035489307150153825
AF7,theta,skewness,win-9,10,0.06544225234021775
AF7,theta,skewness,win0,10,0.016048800803890276
AF7,theta,standard_deviation,win-1,10,-0.13600223610396348
AF7,theta,standard_deviation,win-2,10,-0.13939112534312098
AF7,theta,standard_deviation,win-3,10,-0.14273384369022885
AF7,theta,standard_deviation,win-4,10,-0.14365747479906543
AF7,theta,standard_deviation,win-5,10,-0.1475496022279681
AF7,theta,standard_deviation,win-6,10,-0.15253470143795525
AF7,theta,standard_deviation,win-7,10,-0.15470219984175634
AF7,theta,standard_deviation,win-8,10,-0.15417007693161802
AF7,theta,standard_deviation,win-9,10,-0.1607744561577416
AF7,theta,standard_deviation,win0,10,-0.1357997630736459
AF7,theta,total_variation,win-1,10,-0.13782820174116495
AF7,theta,total_variation,win-2,10,-0.14083521334624444
AF7,theta,total_variation,win-3,10,-0.145265293194747
AF7,theta,total_variation,win-4,10,-0.14600603625467842
AF7,theta,total_variation,win-5,10,-0.14954779570906088
AF7,theta,total_variation,win-6,10,-0.1537574007955663
AF7,theta,total_variation,win-7,10,-0.15622907164207173
AF7,theta,total_variation,win-8,10,-0.15581082962483211
AF7,theta,total_variation,win-9,10,-0.1627068160526799
AF7,theta,total_variation,win0,10,-0.13726131299946595
AF8,alpha,approx_entropy,win-1,10,-0.027646869219161433
AF8,alpha,approx_entropy,win-2,10,-0.013969675442389114
AF8,alpha,approx_entropy,win-3,10,0.008899507051629733
AF8,alpha,approx_entropy,win-4,10,0.010892083990542173
AF8,alpha,approx_entropy,win-5,10,0.02339653462421405
AF8,alpha,approx_entropy,win-6,10,0.04038039319525256
AF8,alpha,approx_entropy,win-7,10,0.054484939595895114
AF8,alpha,approx_entropy,win-8,10,0.06382107156592397
AF8,alpha,approx_entropy,win-9,10,0.07555127542940701
AF8,alpha,approx_entropy,win0,10,-0.032991349057999025
AF8,alpha,energy,win-1,10,-0.23270956438815676
AF8,alpha,energy,win-2,10,-0.23686568365146135
AF8,alpha,energy,win-3,10,-0.24624335402584688
AF8,alpha,energy,win-4,10,-0.24539731731571393
AF8,alpha,energy,win-5,10,-0.24072363071965103
AF8,alpha,energy,win-6,10,-0.23481575362190774
AF8,alpha,energy,win-7,10,-0.23596122537930234
AF8,alpha,energy,win-8,10,-0.23992339299737414
AF8,alpha,energy,win-9,10,-0.23765751796534768
AF8,alpha,energy,win0,10,-0.22743561339700336
AF8,alpha,skewness,win-1,10,0.011945610246358904
AF8,alpha,skewness,win-2,10,0.01919935149405737
AF8,alpha,skewness,win-3,10,0.008824441572337945
AF8,alpha,skewness,win-4,10,-0.0021977823859792955
AF8,alpha,skewness,win-5,10,-0.00039027790133049263
AF8,alpha,skewness,win-6,10,-0.002085174265457123
AF8,alpha,skewness,win-7,10,-0.011647134424198808
AF8,alpha,skewness,win-8,10,-0.017464204738357806
AF8,alpha,skewness,win-9,10,0.010761405281826342
AF8,alpha,skewness,win0,10,0.010675197485712723
AF8,alpha,standard_deviation,win-1,10,-0.21978246755366931
AF8,alpha,standard_deviation,win-2,10,-0.2208215512782727
AF8,alpha,standard_deviation,win-3,10,-0.2262079869963443
AF8,alpha,standard_deviation,win-4,10,-0.2231393985415739
AF8,alpha,standard_deviation,win-5,10,-0.21694159008869834
AF8,alpha,standard_deviation,win-6,10,-0.20748643582126397
AF8,alpha,standard_deviation,win-7,10,-0.20590180360006738
AF8,alpha,standard_deviation,win-8,10,-0.20541045964007154
AF8,alpha,standard_deviation,win-9,10,-0.20015777081852776
AF8,alpha,standard_deviation,win0,10,-0.2161993705412769
AF8,alpha,total_variation,win-1,10,-0.206420803231065
AF8,alpha,total_variation,win-2,10,-0.2105055643945694
AF8,alpha,total_variation,win-3,10,-0.21652275851932123
AF8,alpha,total_variation,win-4,10,-0.21608062640427309
AF8,alpha,total_variation,win-5,10,-0.2121442707760129
AF8,alpha,total_variation,win-6,10,-0.20352400722598787
AF8,alpha,total_variation,win-7,10,-0.20158407284543345
AF8,alpha,total_variation,win-8,10,-0.20441988228878288
AF8,alpha,total_variation,win-9,10,-0.1995598491322647
AF8,alpha,total_variation,win0,10,-0.20506827763627408
AF8,beta,approx_entropy,win-1,10,0.00960728496067853
AF8,beta,approx_entropy,win-2,10,0.03994465320136998
AF8,beta,approx_entropy,win-3,10,0.05731192233609745
AF8,beta,approx_entropy,win-4,10,0.061071831714773324
AF8,beta,approx_entropy,win-5,10,0.0584441510753287
AF8,beta,approx_entropy,win-6,10,0.0598589282412739
AF8,beta,approx_entropy,win-7,10,0.08431179515539242
AF8,beta,approx_entropy,win-8,10,0.08919397081689973
AF8,beta,approx_entropy,win-9,10,0.09739472432937021
AF8,beta,approx_entropy,win0,10,-0.01709388903004374
AF8,beta,energy,win-1,10,-0.16903867165130845
AF8,beta,energy,win-2,10,-0.17792071897950484
AF8,beta,energy,win-3,10,-0.1705379848022566
AF8,beta,energy,win-4,10,-0.1612690512164443
AF8,beta,energy,win-5,10,-0.15946263354342063
AF8,beta,energy,win-6,10,-0.15753407672434783
AF8,beta,energy,win-7,10,-0.1483477890017583
AF8,beta,energy,win-8,10,-0.131469087871231
AF8,beta,energy,win-9,10,-0.14271975472806214
AF8,beta,energy,win0,10,-0.16995811506287076
AF8,beta,skewness,win-1,10,0.019511784487199604
AF8,beta,skewness,win-2,10,0.017229883408056146
AF8,beta,skewness,win-3,10,0.032321297046042384
AF8,beta,skewness,win-4,10,0.04071522961928683
AF8,beta,skewness,win-5,10,0.034666418291061325
AF8,beta,skewness,win-6,10,0.0277112324808896
AF8,beta,skewness,win-7,10,0.033773556643318554
AF8,beta,skewness,win-8,10,0.017292168281115322
AF8,beta,skewness,win-9,10,0.009235080935758625
AF8,beta,skewness,win0,10,0.005355777236187119
AF8,beta,standard_deviation,win-1,10,-0.1609653439867211
AF8,beta,standard_deviation,win-2,10,-0.166865419988195
AF8,beta,standard_deviation,win-3,10,-0.15561559538419614
AF8,beta,standard_deviation,win-4,10,-0.14409606951224838
AF8,beta,standard_deviation,win-5,10,-0.14097469975046245
AF8,beta,standard_deviation,win-6,10,-0.13769559040973886
AF8,beta,standard_deviation,win-7,10,-0.1232123057117354
AF8,beta,standard_deviation,win-8,10,-0.101214255413221
AF8,beta,standard_deviation,win-9,10,-0.10942855377126323
AF8,beta,standard_deviation,win0,10,-0.16707374386001814
AF8,beta,total_variation,win-1,10,-0.17259738229203064
AF8,beta,total_variation,win-2,10,-0.1728687875237702
AF8,beta,total_variation,win-3,10,-0.16492702801112977
AF8,beta,total_variation,win-4,10,-0.15515621655012826
AF8,beta,total_variation,win-5,10,-0.15661292419514855
AF8,beta,total_variation,win-6,10,-0.15874967965319653
AF8,beta,total_variation,win-7,10,-0.14432306458857594
AF8,beta,total_variation,win-8,10,-0.12495048764172825
AF8,beta,total_variation,win-9,10,-0.1345979351722495
AF8,beta,total_variation,win0,10,-0.1764104364510569
AF8,delta,approx_entropy,win-1,10,0.04480426273249883
AF8,delta,approx_entropy,win-2,10,0.05960158974294463
AF8,delta,approx_entropy,win-3,10,0.06759352696504506
AF8,delta,approx_entropy,win-4,10,0.07457091731667256
AF8,delta,approx_entropy,win-5,10,0.08191922850439642
AF8,delta,approx_entropy,win-6,10,0.08656442970318282
AF8,delta,approx_entropy,win-7,10,0.10126622662588204
AF8,delta,approx_entropy,win-8,10,0.10487518156540707
AF8,delta,approx_entropy,win-9,10,0.10908121979528
AF8,delta,approx_entropy,win0,10,0.02700300820524555
AF8,delta,energy,win-1,10,-0.21795472797951881
AF8,delta,energy,win-2,10,-0.22667244762625544
AF8,delta,energy,win-3,10,-0.23097515007502328
AF8,delta,energy,win-4,10,-0.23149850668707642
AF8,delta,energy,win-5,10,-0.23257845958603426
AF8,delta,energy,win-6,10,-0.23310033079621742
AF8,delta,energy,win-7,10,-0.24116920496265684
AF8,delta,energy,win-8,10,-0.23950891886766393
AF8,delta,energy,win-9,10,-0.2462467583099783
AF8,delta,energy,win0,10,-0.22353336941876245
AF8,delta,skewness,win-1,10,-0.016607128268854902
AF8,delta,skewness,win-2,10,-0.02254313058947896
AF8,delta,skewness,win-3,10,-0.018093364770127907
AF8,delta,skewness,win-4,10,-0.031567059283511806
AF8,delta,skewness,win-5,10,-0.009101141363908351
AF8,delta,skewness,win-6,10,-0.02096294356893004
AF8,delta,skewness,win-7,10,-0.009938377803865132
AF8,delta,skewness,win-8,10,-0.015492903076747326
AF8,delta,skewness,win-9,10,-0.011836594476811764
AF8,delta,skewness,win0,10,-0.02497978000472472
AF8,delta,standard_deviation,win-1,10,-0.20619970273393545
AF8,delta,standard_deviation,win-2,10,-0.2116580138131522
AF8,delta,standard_deviation,win-3,10,-0.2142809954979109
AF8,delta,standard_deviation,win-4,10,-0.2135600624778051
AF8,delta,standard_deviation,win-5,10,-0.21396746971593425
AF8,delta,standard_deviation,win-6,10,-0.21172447752959891
AF8,delta,standard_deviation,win-7,10,-0.2167658274225258
AF8,delta,standard_deviation,win-8,10,-0.21322857132938164
AF8,delta,standard_deviation,win-9,10,-0.21666296967774645
AF8,delta,standard_deviation,win0,10,-0.21203813368810265
AF8,delta,total_variation,win-1,10,-0.20259403939878326
AF8,delta,total_variation,win-2,10,-0.20641699627086516
AF8,delta,total_variation,win-3,10,-0.20880358415550845
AF8,delta,total_variation,win-4,10,-0.2082149516537129
AF8,delta,total_variation,win-5,10,-0.20928086917043018
AF8,delta,total_variation,win-6,10,-0.20730596220678776
AF8,delta,total_variation,win-7,10,-0.21422169697559507
AF8,delta,total_variation,win-8,10,-0.20997576115998434
AF8,delta,total_variation,win-9,10,-0.21372674128742908
AF8,delta,total_variation,win0,10,-0.2077783584896815
AF8,gamma,approx_entropy,win-1,10,0.07472081848043752
AF8,gamma,approx_entropy,win-2,10,0.09025740277470824
AF8,gamma,approx_entropy,win-3,10,0.08379095339569319
AF8,gamma,approx_entropy,win-4,10,0.08092828357068786
AF8,gamma,approx_entropy,win-5,10,0.08085501939902473
AF8,gamma,approx_entropy,win-6,10,0.07864107617930774
AF8,gamma,approx_entropy,win-7,10,0.08726391464081296
AF8,gamma,approx_entropy,win-8,10,0.0893905116224392
AF8,gamma,approx_entropy,win-9,10,0.09380264448844247
AF8,gamma,approx_entropy,win0,10,0.0638759470452133
AF8,gamma,energy,win-1,10,-0.028926725431172095
AF8,gamma,energy,win-2,10,-0.032296224915790664
AF8,gamma,energy,win-3,10,-0.033008479703062664
AF8,gamma,energy,win-4,10,-0.031199530392154874
AF8,gamma,energy,win-5,10,-0.011509758894290779
AF8,gamma,energy,win-6,10,-0.014814328050012227
AF8,gamma,energy,win-7,10,-0.007375865864855695
AF8,gamma,energy,win-8,10,0.0066566184928841254
AF8,gamma,energy,win-9,10,0.0011126780039640057
AF8,gamma,energy,win0,10,-0.03331289912922488
AF8,gamma,skewness,win-1,10,-0.0076685562702020335
AF8,gamma,skewness,win-2,10,0.011270947436802767
AF8,gamma,skewness,win-3,10,0.007904736900238931
AF8,gamma,skewness,win-4,10,0.02579814143122955
AF8,gamma,skewness,win-5,10,0.013700390127731922
AF8,gamma,skewness,win-6,10,-0.00582666686252769
AF8,gamma,skewness,win-7,10,-0.024899456339951748
AF8,gamma,skewness,win-8,10,-0.010225138415643275
AF8,gamma,skewness,win-9,10,-0.01766308659619882
AF8,gamma,skewness,win0,10,0.01636794796081672
AF8,gamma,standard_deviation,win-1,10,-0.027091958608316945
AF8,gamma,standard_deviation,win-2,10,-0.02607374917798037
AF8,gamma,standard_deviation,win-3,10,-0.02501225083645519
AF8,gamma,standard_deviation,win-4,10,-0.025737308623661692
AF8,gamma,standard_deviation,win-5,10,-0.009719283286597998
AF8,gamma,standard_deviation,win-6,10,-0.011933438883747784
AF8,gamma,standard_deviation,win-7,10,-0.001607602581630111
AF8,gamma,standard_deviation,win-8,10,0.01140207913519569
AF8,gamma,standard_deviation,win-9,10,0.007647115306381682
AF8,gamma,standard_deviation,win0,10,-0.027759266186158368
AF8,gamma,total_variation,win-1,10,0.004090636724378602
AF8,gamma,total_variation,win-2,10,0.007967079516845811
AF8,gamma,total_variation,win-3,10,0.009825419197284224
AF8,gamma,total_variation,win-4,10,0.0037978508788197194
AF8,gamma,total_variation,win-5,10,0.019744147199669757
AF8,gamma,total_variation,win-6,10,0.00988991171237736
AF8,gamma,total_variation,win-7,10,0.015366673177395368
AF8,gamma,total_variation,win-8,10,0.019393035980695084
AF8,gamma,total_variation,win-9,10,0.013915486549373557
AF8,gamma,total_variation,win0,10,-0.001185287963074598
AF8,theta,approx_entropy,win-1,10,0.0026057575022169787
AF8,theta,approx_entropy,win-2,10,0.012653315036750885
AF8,theta,approx_entropy,win-3,10,0.028586722891413337
AF8,theta,approx_entropy,win-4,10,0.057849331558730115
AF8,theta,approx_entropy,win-5,10,0.06698747781646419
AF8,theta,approx_entropy,win-6,10,0.08277596456649157
AF8,theta,approx_entropy,win-7,10,0.09531815297722365
AF8,theta,approx_entropy,win-8,10,0.11208404150883436
AF8,theta,approx_entropy,win-9,10,0.11005523577516615
AF8,theta,approx_entropy,win0,10,-0.0024780251372342552
AF8,theta,energy,win-1,10,-0.1991140981365374
AF8,theta,energy,win-2,10,-0.21210837595536017
AF8,theta,energy,win-3,10,-0.21835227425221393
AF8,theta,energy,win-4,10,-0.2179059879906471
AF8,theta,energy,win-5,10,-0.22106517491402658
AF8,theta,energy,win-6,10,-0.22133088787226335
AF8,theta,energy,win-7,10,-0.22599691426923138
AF8,theta,energy,win-8,10,-0.22256813172411827
AF8,theta,energy,win-9,10,-0.2324353266076846
AF8,theta,energy,win0,10,-0.202565167740561
AF8,theta,skewness,win-1,10,0.018996084184712728
AF8,theta,skewness,win-2,10,0.005002810418663582
AF8,theta,skewness,win-3,10,0.012613799479129223
AF8,theta,skewness,win-4,10,0.01908425334274952
AF8,theta,skewness,win-5,10,0.04001436559298778
AF8,theta,skewness,win-6,10,0.032352775296197206
AF8,theta,skewness,win-7,10,0.03142469899451989
AF8,theta,skewness,win-8,10,0.023141409382790544
AF8,theta,skewness,win-9,10,0.03698000370846467
AF8,theta,skewness,win0,10,0.00730881247517568
AF8,theta,standard_deviation,win-1,10,-0.19270904131316208
AF8,theta,standard_deviation,win-2,10,-0.2016633205753175
AF8,theta,standard_deviation,win-3,10,-0.20594627044099884
AF8,theta,standard_deviation,win-4,10,-0.20517596497183582
AF8,theta,standard_deviation,win-5,10,-0.20568036556341124
AF8,theta,standard_deviation,win-6,10,-0.20238929500053196
AF8,theta,standard_deviation,win-7,10,-0.20461902047186675
AF8,theta,standard_deviation,win-8,10,-0.20002798657546358
AF8,theta,standard_deviation,win-9,10,-0.2063049543483922
AF8,theta,standard_deviation,win0,10,-0.1968507312753774
AF8,theta,total_variation,win-1,10,-0.19442594907754032
AF8,theta,total_variation,win-2,10,-0.2017652991368218
AF8,theta,total_variation,win-3,10,-0.20451022823968817
AF8,theta,total_variation,win-4,10,-0.2032320262629419
AF8,theta,total_variation,win-5,10,-0.20173821948933746
AF8,theta,total_variation,win-6,10,-0.19963533281103799
AF8,theta,total_variation,win-7,10,-0.20361666856711727
AF8,theta,total_variation,win-8,10,-0.19935429077426986
AF8,theta,total_variation,win-9,10,-0.20798985806940268
AF8,theta,total_variation,win0,10,-0.19987510125929878
TP10,alpha,approx_entropy,win-1,10,0.009835679180371164
TP10,alpha,approx_entropy,win-2,10,0.02805948750352662
TP10,alpha,approx_entropy,win-3,10,0.04318938159097547
TP10,alpha,approx_entropy,win-4,10,0.06089082070660349
TP10,alpha,approx_entropy,win-5,10,0.0711727563488449
TP10,alpha,approx_entropy,win-6,10,0.08098880127598085
TP10,alpha,approx_entropy,win-7,10,0.08851639970705338
TP10,alpha,approx_entropy,win-8,10,0.10078494250132902
TP10,alpha,approx_entropy,win-9,10,0.1185278158091642
TP10,alpha,approx_entropy,win0,10,-0.0034528563083439205
TP10,alpha,energy,win-1,10,-0.13380420484451525
TP10,alpha,energy,win-2,10,-0.14898615380091124
TP10,alpha,energy,win-3,10,-0.15172236351067062
TP10,alpha,energy,win-4,10,-0.1565762779660084
TP10,alpha,energy,win-5,10,-0.16255958461399814
TP10,alpha,energy,win-6,10,-0.1553948978596238
TP10,alpha,energy,win-7,10,-0.1503367812481622
TP10,alpha,energy,win-8,10,-0.152337393259052
TP10,alpha,energy,win-9,10,-0.14543599140039398
TP10,alpha,energy,win0,10,-0.11727322711738995
TP10,alpha,skewness,win-1,10,-0.024154012501740655
TP10,alpha,skewness,win-2,10,-0.00969042766599521
TP10,alpha,skewness,win-3,10,-0.011555635832394122
TP10,alpha,skewness,win-4,10,-0.00330920074892068
TP10,alpha,skewness,win-5,10,-0.0058062819001134915
TP10,alpha,skewness,win-6,10,-0.027180891618854768
TP10,alpha,skewness,win-7,10,-0.0235534249469166
TP10,alpha,skewness,win-8,10,-0.02625400232268786
TP10,alpha,skewness,win-9,10,-0.026729640965563402
TP10,alpha,skewness,win0,10,-0.012271956695785666
TP10,alpha,standard_deviation,win-1,10,-0.12183953865756014
TP10,alpha,standard_deviation,win-2,10,-0.13063011217037102
TP10,alpha,standard_deviation,win-3,10,-0.1304427837881657
TP10,alpha,standard_deviation,win-4,10,-0.13029872648309787
TP10,alpha,standard_deviation,win-5,10,-0.1315287595360554
TP10,alpha,standard_deviation,win-6,10,-0.11952529351670399
TP10,alpha,standard_deviation,win-7,10,-0.11122064222728306
TP10,alpha,standard_deviation,win-8,10,-0.10963328996207707
TP10,alpha,standard_deviation,win-9,10,-0.10141783750275951
TP10,alpha,standard_deviation,win0,10,-0.10872053450130391
TP10,alpha,total_variation,win-1,10,-0.13729534046594474
TP10,alpha,total_variation,win-2,10,-0.15003055002662594
TP10,alpha,total_variation,win-3,10,-0.14499619388723214
TP10,alpha,total_variation,win-4,10,-0.14060361322468898
TP10,alpha,total_variation,win-5,10,-0.14111460026714026
TP10,alpha,total_variation,win-6,10,-0.13349017412158237
TP10,alpha,total_variation,win-7,10,-0.12420599647394642
TP10,alpha,total_variation,win-8,10,-0.11996141094842573
TP10,alpha,total_variation,win-9,10,-0.11471926949942614
TP10,alpha,total_variation,win0,10,-0.12751205208894187
TP10,beta,approx_entropy,win-1,10,0.03043676821105564
TP10,beta,approx_entropy,win-2,10,0.049584520823805045
TP10,beta,approx_entropy,win-3,10,0.06237854721850614
TP10,beta,approx_entropy,win-4,10,0.07885344241427962
TP10,beta,approx_entropy,win-5,10,0.09614888489726875
TP10,beta,approx_entropy,win-6,10,0.10440011382916779
TP10,beta,approx_entropy,win-7,10,0.10576494527823357
TP10,beta,approx_entropy,win-8,10,0.10662897664356358
TP10,beta,approx_entropy,win-9,10,0.1122440432982629
TP10,beta,approx_entropy,win0,10,0.01129892688974759
TP10,beta,energy,win-1,10,-0.04286563219709312
TP10,beta,energy,win-2,10,-0.061424474758288376
TP10,beta,energy,win-3,10,-0.04350894512940765
TP10,beta,energy,win-4,10,-0.04728533845324794
TP10,beta,energy,win-5,10,-0.04353679025051702
TP10,beta,energy,win-6,10,-0.03606379377265684
TP10,beta,energy,win-7,10,-0.029554189696290773
TP10,beta,energy,win-8,10,-0.031082696281270673
TP10,beta,energy,win-9,10,-0.03372032855941664
TP10,beta,energy,win0,10,-0.02324305004137792
TP10,beta,skewness,win-1,10,-0.018480391688435353
TP10,beta,skewness,win-2,10,-0.010514803646546188
TP10,beta,skewness,win-3,10,-0.027063181430799884
TP10,beta,skewness,win-4,10,-0.02188230034966547
TP10,beta,skewness,win-5,10,-0.027210203336135372
TP10,beta,skewness,win-6,10,-0.01620039289969146
TP10,beta,skewness,win-7,10,-0.011650053215600996
TP10,beta,skewness,win-8,10,-0.013478227186240567
TP10,beta,skewness,win-9,10,-0.012857012437040311
TP10,beta,skewness,win0,10,-0.016916591659487213
TP10,beta,standard_deviation,win-1,10,-0.044269183821173806
TP10,beta,standard_deviation,win-2,10,-0.05631066808142504
TP10,beta,standard_deviation,win-3,10,-0.03673581030401946
TP10,beta,standard_deviation,win-4,10,-0.0393777894660824
TP10,beta,standard_deviation,win-5,10,-0.0341627237836905
TP10,beta,standard_deviation,win-6,10,-0.02382311474492551
TP10,beta,standard_deviation,win-7,10,-0.014453408826153648
TP10,beta,standard_deviation,win-8,10,-0.013136511584912032
TP10,beta,standard_deviation,win-9,10,-0.01441580834712207
TP10,beta,standard_deviation,win0,10,-0.028774368251549574
TP10,beta,total_variation,win-1,10,-0.02371109419540544
TP10,beta,total_variation,win-2,10,-0.03360086460055228
TP10,beta,total_variation,win-3,10,-0.024833067101903524
TP10,beta,total_variation,win-4,10,-0.030256937991040414
TP10,beta,total_variation,win-5,10,-0.029773811082460293
TP10,beta,total_variation,win-6,10,-0.020398272049047622
TP10,beta,total_variation,win-7,10,-0.011889561957389492
TP10,beta,total_variation,win-8,10,-0.016109109873614136
TP10,beta,total_variation,win-9,10,-0.0129233530413334
TP10,beta,total_variation,win0,10,-0.019551760280179516
TP10,delta,approx_entropy,win-1,10,0.013844384879343818
TP10,delta,approx_entropy,win-2,10,0.03372381856906055
TP10,delta,approx_entropy,win-3,10,0.051711254657441946
TP10,delta,approx_entropy,win-4,10,0.07190944977581286
TP10,delta,approx_entropy,win-5,10,0.08898965305796068
TP10,delta,approx_entropy,win-6,10,0.10434531366628573
TP10,delta,approx_entropy,win-7,10,0.10640636887424113
TP10,delta,approx_entropy,win-8,10,0.10944250421341402
TP10,delta,approx_entropy,win-9,10,0.11792117138028484
TP10,delta,approx_entropy,win0,10,-0.0036709951741607434
TP10,delta,energy,win-1,10,-0.20975527847923184
TP10,delta,energy,win-2,10,-0.21461044783606656
TP10,delta,energy,win-3,10,-0.21254548723283162
TP10,delta,energy,win-4,10,-0.2295878512187642
TP10,delta,energy,win-5,10,-0.2335655499567313
TP10,delta,energy,win-6,10,-0.23338901564260106
TP10,delta,energy,win-7,10,-0.22863211839025643
TP10,delta,energy,win-8,10,-0.2336805478398618
TP10,delta,energy,win-9,10,-0.21982889838039982
TP10,delta,energy,win0,10,-0.20115124988227323
TP10,delta,skewness,win-1,10,0.03068852179859649
TP10,delta,skewness,win-2,10,0.03620953234850507
TP10,delta,skewness,win-3,10,0.029233845455110645
TP10,delta,skewness,win-4,10,0.026783883101082363
TP10,delta,skewness,win-5,10,0.022528594556075247
TP10,delta,skewness,win-6,10,0.011346204138300625
TP10,delta,skewness,win-7,10,0.006758372884873154
TP10,delta,skewness,win-8,10,0.0014811344497583662
TP10,delta,skewness,win-9,10,-0.0036953356912578627
TP10,delta,skewness,win0,10,0.0469289747029654
TP10,delta,standard_deviation,win-1,10,-0.2086881618340608
TP10,delta,standard_deviation,win-2,10,-0.20987990507617163
TP10,delta,standard_deviation,win-3,10,-0.20299029612730782
TP10,delta,standard_deviation,win-4,10,-0.21052825435772024
TP10,delta,standard_deviation,win-5,10,-0.21154620369419902
TP10,delta,standard_deviation,win-6,10,-0.2063955654869422
TP10,delta,standard_deviation,win-7,10,-0.19879200889054388
TP10,delta,standard_deviation,win-8,10,-0.20227115455115582
TP10,delta,standard_deviation,win-9,10,-0.18774000787611436
TP10,delta,standard_deviation,win0,10,-0.20761662290955957
TP10,delta,total_variation,win-1,10,-0.21551433951358986
TP10,delta,total_variation,win-2,10,-0.21485396034441093
TP10,delta,total_variation,win-3,10,-0.2082050720525862
TP10,delta,total_variation,win-4,10,-0.2160915998295059
TP10,delta,total_variation,win-5,10,-0.2157656272767857
TP10,delta,total_variation,win-6,10,-0.2111762997629442
TP10,delta,total_variation,win-7,10,-0.2051536828670323
TP10,delta,total_variation,win-8,10,-0.20443155502713314
TP10,delta,total_variation,win-9,10,-0.1871532099530117
TP10,delta,total_variation,win0,10,-0.21615130513376582
TP10,gamma,approx_entropy,win-1,10,0.02964365542446956
TP10,gamma,approx_entropy,win-2,10,0.036951982662124835
TP10,gamma,approx_entropy,win-3,10,0.055451846733711285
TP10,gamma,approx_entropy,win-4,10,0.0597100306168779
TP10,gamma,approx_entropy,win-5,10,0.06056477636857759
TP10,gamma,approx_entropy,win-6,10,0.06645270173289873
TP10,gamma,approx_entropy,win-7,10,0.07097328701680658
TP10,gamma,approx_entropy,win-8,10,0.06582430920891308
TP10,gamma,approx_entropy,win-9,10,0.0649470537927494
TP10,gamma,approx_entropy,win0,10,0.015505381254170338
TP10,gamma,energy,win-1,10,-0.009576105371165398
TP10,gamma,energy,win-2,10,-0.007614215309861481
TP10,gamma,energy,win-3,10,-0.009889274968569974
TP10,gamma,energy,win-4,10,-0.019710689979529336
TP10,gamma,energy,win-5,10,-0.029881403864317427
TP10,gamma,energy,win-6,10,-0.032104525811003
TP10,gamma,energy,win-7,10,-0.02141404713686976
TP10,gamma,energy,win-8,10,-0.01879768839921206
TP10,gamma,energy,win-9,10,-0.013412601825110842
TP10,gamma,energy,win0,10,0.003870510813026811
TP10,gamma,skewness,win-1,10,0.0340091557095289
TP10,gamma,skewness,win-2,10,0.04847770978896724
TP10,gamma,skewness,win-3,10,0.04833298843754295
TP10,gamma,skewness,win-4,10,0.044224183909535815
TP10,gamma,skewness,win-5,10,0.03669032284886559
TP10,gamma,skewness,win-6,10,0.024388542023645786
TP10,gamma,skewness,win-7,10,0.009770556892629166
TP10,gamma,skewness,win-8,10,0.013017286042091859
TP10,gamma,skewness,win-9,10,0.011153340664561768
TP10,gamma,skewness,win0,10,0.014552024779617725
TP10,gamma,standard_deviation,win-1,10,-0.014792049537644595
TP10,gamma,standard_deviation,win-2,10,-0.00632956666554246
TP10,gamma,standard_deviation,win-3,10,-0.0063340246230997755
TP10,gamma,standard_deviation,win-4,10,-0.02094427634886427
TP10,gamma,standard_deviation,win-5,10,-0.03329141707010659
TP10,gamma,standard_deviation,win-6,10,-0.032568931004580866
TP10,gamma,standard_deviation,win-7,10,-0.0207868115282374
TP10,gamma,standard_deviation,win-8,10,-0.013222760586682177
TP10,gamma,standard_deviation,win-9,10,-0.0009810674541582507
TP10,gamma,standard_deviation,win0,10,-0.002197804124987956
TP10,gamma,total_variation,win-1,10,-0.004139628197282457
TP10,gamma,total_variation,win-2,10,0.0005957903425244607
TP10,gamma,total_variation,win-3,10,0.00502914667115646
TP10,gamma,total_variation,win-4,10,-0.010527751359409001
TP10,gamma,total_variation,win-5,10,-0.025299231809442126
TP10,gamma,total_variation,win-6,10,-0.01319388745611272
TP10,gamma,total_variation,win-7,10,-0.00017612210469023545
TP10,gamma,total_variation,win-8,10,0.0037150420997824896
TP10,gamma,total_variation,win-9,10,0.011629685519111794
TP10,gamma,total_variation,win0,10,0.00829661570855739
TP10,theta,approx_entropy,win-1,10,0.0060867935970114525
TP10,theta,approx_entropy,win-2,10,0.019957587797920066
TP10,theta,approx_entropy,win-3,10,0.02878666394021354
TP10,theta,approx_entropy,win-4,10,0.041852935349106786
TP10,theta,approx_entropy,win-5,10,0.05916600593641877
TP10,theta,approx_entropy,win-6,10,0.07149377268988356
TP10,theta,approx_entropy,win-7,10,0.07291632135804699
TP10,theta,approx_entropy,win-8,10,0.08593075915719456
TP10,theta,approx_entropy,win-9,10,0.08880850235562243
TP10,theta,approx_entropy,win0,10,-0.03341113861149635
TP10,theta,energy,win-1,10,-0.19077484942082248
TP10,theta,energy,win-2,10,-0.1890391240142668
TP10,theta,energy,win-3,10,-0.18755958532800085
TP10,theta,energy,win-4,10,-0.20577751059851979
TP10,theta,energy,win-5,10,-0.21135920822664828
TP10,theta,energy,win-6,10,-0.2100925839104324
TP10,theta,energy,win-7,10,-0.20331513558644088
TP10,theta,energy,win-8,10,-0.20843643572306386
TP10,theta,energy,win-9,10,-0.20050961103338552
TP10,theta,energy,win0,10,-0.17767571549989042
TP10,theta,skewness,win-1,10,0.03340921332721706
TP10,theta,skewness,win-2,10,0.03359052932409449
TP10,theta,skewness,win-3,10,0.029998777492135913
TP10,theta,skewness,win-4,10,0.039296648215459334
TP10,theta,skewness,win-5,10,0.02990994833660444
TP10,theta,skewness,win-6,10,0.02479215624692103
TP10,theta,skewness,win-7,10,0.022044484550896797
TP10,theta,skewness,win-8,10,0.034124645797561005
TP10,theta,skewness,win-9,10,0.025193303952399125
TP10,theta,skewness,win0,10,0.05796611049365713
TP10,theta,standard_deviation,win-1,10,-0.19633820589322573
TP10,theta,standard_deviation,win-2,10,-0.19083162233561413
TP10,theta,standard_deviation,win-3,10,-0.18340020950351693
TP10,theta,standard_deviation,win-4,10,-0.19127196207953076
TP10,theta,standard_deviation,win-5,10,-0.19218596695120826
TP10,theta,standard_deviation,win-6,10,-0.18559951264999522
TP10,theta,standard_deviation,win-7,10,-0.17538237048052133
TP10,theta,standard_deviation,win-8,10,-0.17944258153263157
TP10,theta,standard_deviation,win-9,10,-0.17103338148802277
TP10,theta,standard_deviation,win0,10,-0.1909028136600984
TP10,theta,total_variation,win-1,10,-0.19643711049501014
TP10,theta,total_variation,win-2,10,-0.19042370934657754
TP10,theta,total_variation,win-3,10,-0.1826672738774867
TP10,theta,total_variation,win-4,10,-0.19248598880779547
TP10,theta,total_variation,win-5,10,-0.19442793424962698
TP10,theta,total_variation,win-6,10,-0.1918798661560394
TP10,theta,total_variation,win-7,10,-0.1832860531581427
TP10,theta,total_variation,win-8,10,-0.18351571426369728
TP10,theta,total_variation,win-9,10,-0.17209066420561822
TP10,theta,total_variation,win0,10,-0.19462646287814958
TP9,alpha,approx_entropy,win-1,10,0.03038388289826427
TP9,alpha,approx_entropy,win-2,10,0.05374750056728423
TP9,alpha,approx_entropy,win-3,10,0.06457130299509756
TP9,alpha,approx_entropy,win-4,10,0.056297863857609445
TP9,alpha,approx_entropy,win-5,10,0.05780317006487979
TP9,alpha,approx_entropy,win-6,10,0.05859626673122777
TP9,alpha,approx_entropy,win-7,10,0.06491683761837998
TP9,alpha,approx_entropy,win-8,10,0.06775890405460579
TP9,alpha,approx_entropy,win-9,10,0.07061567895158345
TP9,alpha,approx_entropy,win0,10,0.023610527610107564
TP9,alpha,energy,win-1,10,-0.15737000527293316
TP9,alpha,energy,win-2,10,-0.16815022616217717
TP9,alpha,energy,win-3,10,-0.15944392931882814
TP9,alpha,energy,win-4,10,-0.1630624068349796
TP9,alpha,energy,win-5,10,-0.15738383001667833
TP9,alpha,energy,win-6,10,-0.1544491633230264
TP9,alpha,energy,win-7,10,-0.15798269635691456
TP9,alpha,energy,win-8,10,-0.1641920198207723
TP9,alpha,energy,win-9,10,-0.16743059621296058
TP9,alpha,energy,win0,10,-0.13813550066897487
TP9,alpha,skewness,win-1,10,-0.008456269532623137
TP9,alpha,skewness,win-2,10,-0.017802875091556564
TP9,alpha,skewness,win-3,10,-0.017891526588133862
TP9,alpha,skewness,win-4,10,-0.014454365532157013
TP9,alpha,skewness,win-5,10,0.002439917285704285
TP9,alpha,skewness,win-6,10,-0.009153928746808837
TP9,alpha,skewness,win-7,10,0.001496997195164166
TP9,alpha,skewness,win-8,10,-0.00347123999824467
TP9,alpha,skewness,win-9,10,-0.007664100465146329
TP9,alpha,skewness,win0,10,-0.012976361136161612
TP9,alpha,standard_deviation,win-1,10,-0.15468312298156003
TP9,alpha,standard_deviation,win-2,10,-0.15675933130651715
TP9,alpha,standard_deviation,win-3,10,-0.1455506578985004
TP9,alpha,standard_deviation,win-4,10,-0.1420059092730196
TP9,alpha,standard_deviation,win-5,10,-0.12961077621170922
TP9,alpha,standard_deviation,win-6,10,-0.12237681337026804
TP9,alpha,standard_deviation,win-7,10,-0.12366078461658069
TP9,alpha,standard_deviation,win-8,10,-0.12327553493463494
TP9,alpha,standard_deviation,win-9,10,-0.12322842513308291
TP9,alpha,standard_deviation,win0,10,-0.1409927683953621
TP9,alpha,total_variation,win-1,10,-0.15121233016962404
TP9,alpha,total_variation,win-2,10,-0.15403969102352527
TP9,alpha,total_variation,win-3,10,-0.1477430983803652
TP9,alpha,total_variation,win-4,10,-0.14328258510125275
TP9,alpha,total_variation,win-5,10,-0.13165747530894822
TP9,alpha,total_variation,win-6,10,-0.12856281625367616
TP9,alpha,total_variation,win-7,10,-0.1330708078509398
TP9,alpha,total_variation,win-8,10,-0.13140198639914658
TP9,alpha,total_variation,win-9,10,-0.132669942599176
TP9,alpha,total_variation,win0,10,-0.14296902762128816
TP9,beta,approx_entropy,win-1,10,0.05119510464627557
TP9,beta,approx_entropy,win-2,10,0.07512079429584292
TP9,beta,approx_entropy,win-3,10,0.06465163318874358
TP9,beta,approx_entropy,win-4,10,0.07155424019339474
TP9,beta,approx_entropy,win-5,10,0.07555405458430454
TP9,beta,approx_entropy,win-6,10,0.08037364949976723
TP9,beta,approx_entropy,win-7,10,0.0933439295298088
TP9,beta,approx_entropy,win-8,10,0.09600497551422706
TP9,beta,approx_entropy,win-9,10,0.11201785057912689
TP9,beta,approx_entropy,win0,10,0.015923265053199936
TP9,beta,energy,win-1,10,-0.018299506792630454
TP9,beta,energy,win-2,10,-0.03460056797360072
TP9,beta,energy,win-3,10,-0.00645856868178544
TP9,beta,energy,win-4,10,-0.012321703441073101
TP9,beta,energy,win-5,10,-0.00446471944846911
TP9,beta,energy,win-6,10,0.011448619771113293
TP9,beta,energy,win-7,10,0.006126999404816921
TP9,beta,energy,win-8,10,-0.0011586420190966872
TP9,beta,energy,win-9,10,-0.006966795825057224
TP9,beta,energy,win0,10,-0.0025190237346117837
TP9,beta,skewness,win-1,10,-0.06937363203326057
TP9,beta,skewness,win-2,10,-0.07116818417458924
TP9,beta,skewness,win-3,10,-0.07110153389958793
TP9,beta,skewness,win-4,10,-0.05928144042480594
TP9,beta,skewness,win-5,10,-0.055788384641311174
TP9,beta,skewness,win-6,10,-0.0538173272620816
TP9,beta,skewness,win-7,10,-0.04113731011125908
TP9,beta,skewness,win-8,10,-0.03746590104398936
TP9,beta,skewness,win-9,10,-0.05308970655822401
TP9,beta,skewness,win0,10,-0.057011780940208596
TP9,beta,standard_deviation,win-1,10,-0.014910266440989018
TP9,beta,standard_deviation,win-2,10,-0.0284024386697648
TP9,beta,standard_deviation,win-3,10,-0.002253731022153994
TP9,beta,standard_deviation,win-4,10,-0.0065569089243319705
TP9,beta,standard_deviation,win-5,10,0.003478339054290597
TP9,beta,standard_deviation,win-6,10,0.022028839542938865
TP9,beta,standard_deviation,win-7,10,0.020136711659417675
TP9,beta,standard_deviation,win-8,10,0.014156804852122543
TP9,beta,standard_deviation,win-9,10,0.009256712552424924
TP9,beta,standard_deviation,win0,10,-0.00528005873212689
TP9,beta,total_variation,win-1,10,-0.008431522708163683
TP9,beta,total_variation,win-2,10,-0.01931671235741208
TP9,beta,total_variation,win-3,10,0.0010179680490483409
TP9,beta,total_variation,win-4,10,-0.0047584301628418105
TP9,beta,total_variation,win-5,10,0.000969047710341609
TP9,beta,total_variation,win-6,10,0.015328219539424103
TP9,beta,total_variation,win-7,10,0.016956104941119758
TP9,beta,total_variation,win-8,10,0.006853330429710062
TP9,beta,total_variation,win-9,10,0.0054145376714663795
TP9,beta,total_variation,win0,10,-0.007971478855561391
TP9,delta,approx_entropy,win-1,10,0.035058714201545535
TP9,delta,approx_entropy,win-2,10,0.06828835705292594
TP9,delta,approx_entropy,win-3,10,0.07338233139238605
TP9,delta,approx_entropy,win-4,10,0.07894826452347173
TP9,delta,approx_entropy,win-5,10,0.08653521417577842
TP9,delta,approx_entropy,win-6,10,0.09126901260294584
TP9,delta,approx_entropy,win-7,10,0.09939983823537685
TP9,delta,approx_entropy,win-8,10,0.08855018347908497
TP9,delta,approx_entropy,win-9,10,0.10755170319394948
TP9,delta,approx_entropy,win0,10,0.014633186992791236
TP9,delta,energy,win-1,10,-0.21225201085393458
TP9,delta,energy,win-2,10,-0.21717755170244318
TP9,delta,energy,win-3,10,-0.21476399178963312
TP9,delta,energy,win-4,10,-0.23413858428370246
TP9,delta,energy,win-5,10,-0.23983218171612455
TP9,delta,energy,win-6,10,-0.2504225134134954
TP9,delta,energy,win-7,10,-0.25252227753493695
TP9,delta,energy,win-8,10,-0.2560348664241592
TP9,delta,energy,win-9,10,-0.24619882416825664
TP9,delta,energy,win0,10,-0.20312853002243306
TP9,delta,skewness,win-1,10,-0.03327687734457495
TP9,delta,skewness,win-2,10,-0.043630312104510724
TP9,delta,skewness,win-3,10,-0.04547575074033348
TP9,delta,skewness,win-4,10,-0.03482430784620768
TP9,delta,skewness,win-5,10,-0.04787916109363912
TP9,delta,skewness,win-6,10,-0.046320781211446685
TP9,delta,skewness,win-7,10,-0.04811486768181078
TP9,delta,skewness,win-8,10,-0.051103652515758005
TP9,delta,skewness,win-9,10,-0.0628018756420457
TP9,delta,skewness,win0,10,-0.030006641324586455
TP9,delta,standard_deviation,win-1,10,-0.22143495192826707
TP9,delta,standard_deviation,win-2,10,-0.21937290885943944
TP9,delta,standard_deviation,win-3,10,-0.2119654702072238
TP9,delta,standard_deviation,win-4,10,-0.22300767943272187
TP9,delta,standard_deviation,win-5,10,-0.22359141140149194
TP9,delta,standard_deviation,win-6,10,-0.23217386352628935
TP9,delta,standard_deviation,win-7,10,-0.23076754020145315
TP9,delta,standard_deviation,win-8,10,-0.2305616069801636
TP9,delta,standard_deviation,win-9,10,-0.216766935604686
TP9,delta,standard_deviation,win0,10,-0.21640737463770301
TP9,delta,total_variation,win-1,10,-0.22459844118168262
TP9,delta,total_variation,win-2,10,-0.22138659539549527
TP9,delta,total_variation,win-3,10,-0.215868199545555
TP9,delta,total_variation,win-4,10,-0.22468486554500142
TP9,delta,total_variation,win-5,10,-0.22551660818617827
TP9,delta,total_variation,win-6,10,-0.23386285334820145
TP9,delta,total_variation,win-7,10,-0.2297515545572389
TP9,delta,total_variation,win-8,10,-0.22786842570882773
TP9,delta,total_variation,win-9,10,-0.21394871832650175
TP9,delta,total_variation,win0,10,-0.22013471128528034
TP9,gamma,approx_entropy,win-1,10,0.0391467805225648
TP9,gamma,approx_entropy,win-2,10,0.036805390049043964
TP9,gamma,approx_entropy,win-3,10,0.04187621088583055
TP9,gamma,approx_entropy,win-4,10,0.043150757162164405
TP9,gamma,approx_entropy,win-5,10,0.06357167957104638
TP9,gamma,approx_entropy,win-6,10,0.0720586780048974
TP9,gamma,approx_entropy,win-7,10,0.07728033614195429
TP9,gamma,approx_entropy,win-8,10,0.0867776228888276
TP9,gamma,approx_entropy,win-9,10,0.09019308777437528
TP9,gamma,approx_entropy,win0,10,0.022520419435083146
TP9,gamma,energy,win-1,10,-0.012873328515551778
TP9,gamma,energy,win-2,10,-0.01852725962527281
TP9,gamma,energy,win-3,10,-0.022063768792668293
TP9,gamma,energy,win-4,10,-0.02344133140070102
TP9,gamma,energy,win-5,10,-0.03375453178717137
TP9,gamma,energy,win-6,10,-0.027082052996927126
TP9,gamma,energy,win-7,10,-0.018308769034302747
TP9,gamma,energy,win-8,10,-0.014194337226940636
TP9,gamma,energy,win-9,10,-0.012766540538002854
TP9,gamma,energy,win0,10,-0.006175735182171892
TP9,gamma,skewness,win-1,10,0.007264485636043084
TP9,gamma,skewness,win-2,10,0.027717470971712593
TP9,gamma,skewness,win-3,10,0.03741032081207368
TP9,gamma,skewness,win-4,10,0.053205178849028985
TP9,gamma,skewness,win-5,10,0.047932234454992374
TP9,gamma,skewness,win-6,10,0.0430842957315261
TP9,gamma,skewness,win-7,10,0.018658578002667042
TP9,gamma,skewness,win-8,10,0.027535329956080334
TP9,gamma,skewness,win-9,10,0.03627282133859558
TP9,gamma,skewness,win0,10,0.008400948520252383
TP9,gamma,standard_deviation,win-1,10,-0.02299149629616514
TP9,gamma,standard_deviation,win-2,10,-0.023959373985076603
TP9,gamma,standard_deviation,win-3,10,-0.023399987038508395
TP9,gamma,standard_deviation,win-4,10,-0.02472370811289487
TP9,gamma,standard_deviation,win-5,10,-0.035673475713929655
TP9,gamma,standard_deviation,win-6,10,-0.02268787866462959
TP9,gamma,standard_deviation,win-7,10,-0.014917443730390053
TP9,gamma,standard_deviation,win-8,10,-0.006717932450431318
TP9,gamma,standard_deviation,win-9,10,0.0030809781335339394
TP9,gamma,standard_deviation,win0,10,-0.01771868980557399
TP9,gamma,total_variation,win-1,10,-0.004868317340547188
TP9,gamma,total_variation,win-2,10,-0.006839173617790267
TP9,gamma,total_variation,win-3,10,-0.00819823162688793
TP9,gamma,total_variation,win-4,10,-0.01445928504787183
TP9,gamma,total_variation,win-5,10,-0.021997426359459383
TP9,gamma,total_variation,win-6,10,-0.00023911021903672407
TP9,gamma,total_variation,win-7,10,0.007015542967820095
TP9,gamma,total_variation,win-8,10,0.017159784290688037
TP9,gamma,total_variation,win-9,10,0.024941438057819572
TP9,gamma,total_variation,win0,10,-0.002235192644169001
TP9,theta,approx_entropy,win-1,10,0.017062322232214197
TP9,theta,approx_entropy,win-2,10,0.03493002958511848
TP9,theta,approx_entropy,win-3,10,0.054671612056577626
TP9,theta,approx_entropy,win-4,10,0.06087497309416967
TP9,theta,approx_entropy,win-5,10,0.06774436116451017
TP9,theta,approx_entropy,win-6,10,0.08293635144662709
TP9,theta,approx_entropy,win-7,10,0.09207536551412976
TP9,theta,approx_entropy,win-8,10,0.09111029017396517
TP9,theta,approx_entropy,win-9,10,0.10433837535308907
TP9,theta,approx_entropy,win0,10,-0.003162938473052667
TP9,theta,energy,win-1,10,-0.1815964245651192
TP9,theta,energy,win-2,10,-0.1841047526771418
TP9,theta,energy,win-3,10,-0.18475917358406377
TP9,theta,energy,win-4,10,-0.199929151810772
TP9,theta,energy,win-5,10,-0.21001078457896405
TP9,theta,energy,win-6,10,-0.21764458687490917
TP9,theta,energy,win-7,10,-0.21819736277568672
TP9,theta,energy,win-8,10,-0.22692069523402794
TP9,theta,energy,win-9,10,-0.22058273758281555
TP9,theta,energy,win0,10,-0.16959551898174133
TP9,theta,skewness,win-1,10,-0.06215992905736749
TP9,theta,skewness,win-2,10,-0.08128811225384716
TP9,theta,skewness,win-3,10,-0.07990251737688338
TP9,theta,skewness,win-4,10,-0.08306592574997511
TP9,theta,skewness,win-5,10,-0.07861484222344402
TP9,theta,skewness,win-6,10,-0.07501307515042999
TP9,theta,skewness,win-7,10,-0.07269096341731077
TP9,theta,skewness,win-8,10,-0.07448411471901423
TP9,theta,skewness,win-9,10,-0.07140672119972696
TP9,theta,skewness,win0,10,-0.03698611616714922
TP9,theta,standard_deviation,win-1,10,-0.1926129310732544
TP9,theta,standard_deviation,win-2,10,-0.18797195165306171
TP9,theta,standard_deviation,win-3,10,-0.1813159547020308
TP9,theta,standard_deviation,win-4,10,-0.18656177684927674
TP9,theta,standard_deviation,win-5,10,-0.1922932785024172
TP9,theta,standard_deviation,win-6,10,-0.19693197212839722
TP9,theta,standard_deviation,win-7,10,-0.1933760766258753
TP9,theta,standard_deviation,win-8,10,-0.19904139136465585
TP9,theta,standard_deviation,win-9,10,-0.18911958522370598
TP9,theta,standard_deviation,win0,10,-0.18641358776420874
TP9,theta,total_variation,win-1,10,-0.19544534811671044
TP9,theta,total_variation,win-2,10,-0.19013575078013828
TP9,theta,total_variation,win-3,10,-0.1829476402693367
TP9,theta,total_variation,win-4,10,-0.1881042190784186
TP9,theta,total_variation,win-5,10,-0.19327095209355144
TP9,theta,total_variation,win-6,10,-0.19862879776763143
TP9,theta,total_variation,win-7,10,-0.19448373001865235
TP9,theta,total_variation,win-8,10,-0.19682224666958853
TP9,theta,total_variation,win-9,10,-0.18523408791633414
TP9,theta,total_variation,win0,10,-0.19062699278283696
